,xgb_rmse,lgbm_rmse,avg_rmse,ensemble_meta_rmse,xgb_mae,lgbm_mae,ensemble_meta_mae,xgb_rmse_pct,ensemble_meta_rmse_pct,airline_naive,airline_seasonal_naive_7,airline_sma_7,ecommerce_naive,ecommerce_seasonal_naive_7,ecommerce_sma_7,payment_naive,payment_seasonal_naive_7,payment_sma_7
airline,1.1566874824264117,1.9083627277420565,1.4182507732158671,1.2376308911349687,0.16069288799226597,0.742495960828967,0.3246400947516882,3.61939409161875,3.8726743420634686,"{'rmse': 34.33123310388903, 'mae': 23.685314685314687, 'rmse_pct': np.float64(107.42595916534205)}","{'rmse': 35.151579856865126, 'mae': 25.12167832167832, 'rmse_pct': np.float64(109.99290852366987)}","{'rmse': 32.8399933527402, 'mae': 23.088711288711284, 'rmse_pct': np.float64(102.75971661798357)}",,,,,,
ecommerce,21.389418494370087,22.60503239322914,21.758435764892173,27.281650329481938,18.21662731415535,20.0363061013015,24.47126053731213,38.88581748632856,49.597854926130964,,,,"{'rmse': 228.80459366616515, 'mae': 226.99429386590586, 'rmse_pct': np.float64(415.96519660774857)}","{'rmse': 300.5739777822239, 'mae': 269.4208273894437, 'rmse_pct': np.float64(546.4414492734223)}","{'rmse': 271.0918872785015, 'mae': 269.56572243733433, 'rmse_pct': np.float64(492.8432090620336)}",,,
payment,55.82966690741954,54.69799785220028,54.739137157160194,50.99905011902646,29.536386138689664,28.294288501016585,26.765090332143973,15.876496298318605,14.50279529296071,,,,,,,"{'rmse': 427.39581021835573, 'mae': 320.7353112274578, 'rmse_pct': np.float64(121.54018418381129)}","{'rmse': 413.8040871853036, 'mae': 307.7574171029668, 'rmse_pct': np.float64(117.67505382614931)}","{'rmse': 410.684652452628, 'mae': 301.87243413944987, 'rmse_pct': np.float64(116.78796821862996)}"
